train_loss,epoch,step,val_loss
72163.671875,0,49,
39726.8671875,0,99,
,0,117,36453.09765625
34276.109375,1,149,
32661.20703125,1,199,
,1,235,31304.384765625
31856.669921875,2,249,
31253.96484375,2,299,
30298.10546875,2,349,
,2,353,29738.025390625
29582.953125,3,399,
29246.19140625,3,449,
,3,471,28665.0078125
28679.166015625,4,499,
28103.544921875,4,549,
,4,589,27412.279296875
27636.57421875,5,599,
26908.8125,5,649,
27537.44921875,5,699,
